#datatype,string,long,dateTime:RFC3339,dateTime:RFC3339,dateTime:RFC3339,long,string,string,string,string,string,string
#partition,false,false,false,false,false,false,true,true,true,true,true,true
#default,_result,,,,,,,,,,,
,result,table,_start,_stop,_time,_value,_field,_measurement,device,fstype,host,path
,,0,2018-05-22T19:53:24.421470485Z,2018-05-22T19:54:24.421470485Z,2018-05-22T19:53:26Z,9223372036853184345,inodes_free,disk,disk1s1,apfs,host.local,/
,,1,2018-05-22T19:53:24.421470485Z,2018-05-22T19:54:24.421470485Z,2018-05-22T19:53:26Z,9223372036854775807,inodes_total,disk,disk1s1,apfs,host.local,/

