#datatype,string,long,double
#group,false,false,false
#default,_result,,
,result,table,_value
,,0,0
,,0,0
,,0,0
,,0,0
,,0,0
,,0,0
,,1,0
,,1,0
,,1,0
,,1,0
,,1,0
,,1,0
,,2,91.7364670583823
,,2,89.51118889861233
,,2,91.0977744436109
,,2,91.02836436336374
,,2,68.304576144036
,,2,87.88598574821853

