#datatype,string,long,dateTime:RFC3339,dateTime:RFC3339,dateTime:RFC3339,double,string,string,string,string
#partition,false,false,false,false,false,false,true,true,true,true
#default,_result,,,,,,,,,
,result,table,_start,_stop,_time,_value,_field,_measurement,cpu,host
,,0,2018-05-22T19:53:24.421470485Z,2018-05-22T19:54:24.421470485Z,2018-05-22T19:53:26Z,0,usage_guest,cpu,cpu-total,host.local
,,0,2018-05-22T19:53:24.421470485Z,2018-05-22T19:54:24.421470485Z,2018-05-22T19:53:36Z,0,usage_guest,cpu,cpu-total,host.local
,,0,2018-05-22T19:53:24.421470485Z,2018-05-22T19:54:24.421470485Z,2018-05-22T19:53:46Z,0,usage_guest,cpu,cpu-total,host.local
,,0,2018-05-22T19:53:24.421470485Z,2018-05-22T19:54:24.421470485Z,2018-05-22T19:53:56Z,0,usage_guest,cpu,cpu-total,host.local
,,0,2018-05-22T19:53:24.421470485Z,2018-05-22T19:54:24.421470485Z,2018-05-22T19:54:06Z,0,usage_guest,cpu,cpu-total,host.local
,,0,2018-05-22T19:53:24.421470485Z,2018-05-22T19:54:24.421470485Z,2018-05-22T19:54:16Z,0,usage_guest,cpu,cpu-total,host.local
,,1,2018-05-22T19:53:24.421470485Z,2018-05-22T19:54:24.421470485Z,2018-05-22T19:53:26Z,0,usage_guest_nice,cpu,cpu-total,host.local
,,1,2018-05-22T19:53:24.421470485Z,2018-05-22T19:54:24.421470485Z,2018-05-22T19:53:36Z,0,usage_guest_nice,cpu,cpu-total,host.local
,,1,2018-05-22T19:53:24.421470485Z,2018-05-22T19:54:24.421470485Z,2018-05-22T19:53:46Z,0,usage_guest_nice,cpu,cpu-total,host.local
,,1,2018-05-22T19:53:24.421470485Z,2018-05-22T19:54:24.421470485Z,2018-05-22T19:53:56Z,0,usage_guest_nice,cpu,cpu-total,host.local
,,1,2018-05-22T19:53:24.421470485Z,2018-05-22T19:54:24.421470485Z,2018-05-22T19:54:06Z,0,usage_guest_nice,cpu,cpu-total,host.local